word,count
bra,248
lingerie,224
croft,219
lara,218
leotard,176
honthorst,165
gerrit,165
succubus,158
nymph,127
adriana,119
elche,99
pelas,99
inanna,98
zarya,95
jenner,93
Lara,91
thoris,89
motives,88
dejah,88
streak,88
Croft,88
hips,82
hayek,78
sultry,77
salma,76
breasts,74
aphrodite,72
pajama,69
ample,68
devis,67
sybil,65
furler,64
vascular,64
bedclothes,62
kat,62
gracile,62
tifa,61
sia,60
broadshouldered,60
massively,60
flores,60
kendall,60
ravenblack,57
faircomplected,57
dennings,56
jaimie,56
MacNevin,55
bikinis,54
risque,54
jiggly,53
ishtar,52
mindar,51
kannon,51
imposingly,51
tights,50
Hayek,49
adoration,49
demure,48
Salma,48
tickled,48
skintight,47
beckinsale,47
‚ô•,47
minaj,47
demi,46
kylie,46
rihanna,45
necro,45
leda,44
shapely,44
kebaya,44
roided,44
uzza,43
üñº,43
pamela,42
hescox,41
nicki,41
Maggiori,41
kusanagi,40
aniston,40
lockhart,40
demoness,40
Selena,39
theron,39
Gomez,38
motoko,38
musclebound,38
chechik,38
mindlessly,38
blushez,37
elisha,37
femme,37
cuthbert,37
nuzzles,36
Tifa,36
baywatch,36
ÈõÜ,35
incantus,35
decollete,35
weightlifter,35
ÂÑø,35
Âêµ,35
pieta,35
‰ªÅ,35
jinwook,34
mugler,34
nizovtsev,34
kutkowski,34
fantast,34
fishnet,34
heavyset,34
leifer,34
boudoir,34
victoria's,33
ü§≥ü¶ä,33
Thisset,33
bourotte,33
athlete,33
naked,32
panties,32
midriff,32
christy,32
buizel,31
neckline,31
hooters,31
kaur,31
candice,31
hks,31
nesskain,31
charlize,31
swanepoel,31
connett,30
chun,30
thong,30
syrko,30
chanthara,30
dougherty,30
aiman,30
mistress,29
erminae,29
sumo,29
nivanh,29
amazonas,28
tpu,28
brosmind,28
momoa,28
pitkin,28
yemaya,28
luminism,28
obata,28
speedo,28
Victoria's,28
thigh,28
Lockhart,28
wojtek,27
cavewoman,27
Britney,27
euterpe,27
pantyhose,27
Fitch,26
booty,26
fatale,26
bbw,26
flirty,26
exams,26
Beyonce,26
shibari,26
aziraphale,26
modestly,26
zeronis,26
Spears,26
chi,26
serafleur,25
tanning,25
cain,25
monokini,25
camisole,25
Halliwell,24
fus,24
subjekt,24
goddesses,24
loundraw,24
Lohan,24
croptop,24
maidens,24
provocative,24
bondage,24
kandinski,24
tickling,24
hercules,23
shoujo,23
Jolie,23
dorohedoro,23
supergirl,23
cassandra,23
junpei,23
halter,23
jugs,23
blackcrow,23
watersword,23
nira,23
squats,23
nightgown,23
zexi,23
godot,22
womb,22
Emily,22
armitage,22
tamara,22
Valkyrie,22
bara,22
suikoden,22
ratajkowski,22
flume,22
Upton,22
sixties,22
skimpy,22
gharliera,22
vampiress,22
weld,22
girlish,22
shen,21
sundress,21
sweatpants,21
dormer,21
Met,21
Nicole,21
moana,21
Zendaya,21
luminokaya,21
mingchen,21
globs,21
üëô,21
plugsuit,21
ramos,21
bellucci,21
jana,21
elegent,20
hench,20
thorne,20
Gala,20
Effectstaken,20
boxers,20
Ratajkowski,20
Muscular,20
LightroomAdobe,20
alexis,20
filtersPhotoshopAdobe,20
beautifulperfectdynamicepiccinematic,20
centerfold,20
boogie,20
arthousehigh,20
Behanceat,20
styleat,20
budgethollywood,20
directorMotionVFXInspirational,20
Jenner,20
disrobed,20
lifeguard,20
twink,20
groovypunk,20
intergalactica,20
nathalie,20
stallion,20
Aphrodite,20
schirmer,19
pawstar,19
lempicka,19
bosley,19
navel,19
gymnast,19
sandals,19
vikander,19
Atlantean,19
mitosis,19
enterainment,19
Pinup,19
Turini,19
Vergara,19
radially,18
seducing,18
cheerleader,18
Fairy,18
vulva,18
Springs,18
bombshell,18
cyannic,18
qichao,18
julianne,18
alphone,18
tsukashi,18
khalimov,18
francine,18
NetflixInstagram,18
Lilia,18
Alvarado,18
Worksafeclothedsunbelievably,18
hove,18
morticia,18
dungeonsanddragons,18
bioweapon,18
nicon,18
Sia,18
Ivy,17
enoch,17
angeline,17
phanphiroj's,17
ohm,17
raphaelites,17
ningen,17
reminds,17
einar,17
showgirl,17
tailoring,17
agile,17
gaugin,17
dominatrix,17
ahri,17
personalities,17
dukes,17
Pamela,17
astronout,17
Sofia,17
stoya,17
elvira,17
Monroe,17
swimsuits,17
contour,16
digitaltransformation,16
hough,16
glancing,16
loosen,16
tareme,16
Flux,16
√Üon,16
jonsson,16
sexual,16
ympho,16
expressively,16
warcore,16
nudity,16
ohre,16
cowhide,16
bolles,16
Godward,16
rossdraw,16
sharped,16
unfolds,16
kurisu,16
Amber,16
baresoles,16
kali,16
joyBy,16
Emotionnal,16
Demi,16
comiket,16
wata,16
Royo,16
mami,16
ramjet,16
burlesque,15
seduction,15
jogger,15
vectorgraphic,15
‚¨õ,15
üôå,15
shiranui,15
gabriele,15
massage,15
Beckinsale,15
sudmalis,15
krista,15
olympia,15
Poison,15
dell,15
Kendall,15
mai,15
kohl,15
orangepink,15
ashteroth,15
SF,15
Shakira,15
granblue,15
gemi,15
mingdosa,15
kerr,15
lefebvre,15
uberchad,15
jeztyrnak,15
Vargas,15
kelsi,15
deviantarthq,15
nixri,15
annasophia,15
ghilbi,15
fluent,15
melanie,15
Tarzan,14
guyver,14
schiaparelli,14
workout,14
monroe's,14
jinx,14
jennie,14
leotardexpressing,14
nuzzle,14
amiet,14
mariah,14
cuno,14
armpits,14
virtuous,14
buxom,14
barbarella,14
Connelly,14
daiquiri,14
Fountain,14
confesses,14
filipina,14
ophelia,14
bora,14
cleavenger,14
padme,14
Vass,14
gogo,14
barechest,14
mannerist,14
immolated,14
monable,14
shumolly,14
megaphones,14
ultraman,14
boulogne,14
greatsword,14
gwen,14
Widow,13
frahm,13
stiker,13
coed,13
Worksafe,13
Curvy,13
rico,13
fireemblem,13
pvc,13
gabo,13
Lana,13
lewin,13
collarbones,13
muses,13
tanidareal,13
illuminaition,13
Mort,13
fertility,13
femininity,13
lockheart,13
unwerth,13
srgb,13
stahlberg,13
elihu,13
harajuku,13
carson,13
merman,13
decimated,13
chesty,13
sonja,13
romper,13
vedder,13
vestibule,13
asi,13
sweeney,13
atlanta,13
ameera,13
tarzan,13
taweel,13
Ferri,13
roupa,13
Swimsuit,13
cleavage,13
coalpunk,13
ecorche,13
milani,13
goward,13
Birth,13
copious,12
velasco,12
dracko,12
Villajo,12
backlingtning,12
√∏degaard,12
ricci,12
munn,12
lipa,12
rankings,12
blasphemous,12
rubenesque,12
indiegamedev,12
battleaxe,12
Margritte,12
Eve,12
donata,12
merisi,12
attrative,12
beset,12
boobs,12
macpherson,12
faerie,12
anklelength,12
gemma,12
rhodes,12
mathematically,12
urbanscene,12
dua,12
villains,12
polynesian,12
asuna,12
semicircle,12
rossetti,12
sukh,12
bastet,12
leela,12
Aniston,12
quintin,12
Piece,12
bingbing,11
barefeet,11
tickles,11
üë∏,11
Furler,11
pedicure,11
ffp,11
boyish,11
statuesque,11
Chase,11
ü¶á,11
persephone,11
excelent,11
wonderous,11
hentai,11
laced,11
prosthesis,11
mendes,11
picabia,11
mariel,11
hemmingway,11
grasso,11
aly,11
lacy,11
shrouds,11
watkiss,11
beaded,11
spritesheet,11
mckernan,11
Mia,11
beefcake,11
pregnancy,11
sarafyan,11
electra,11
rollenportrat,11
kubrik,11
Phoebe,11
Kidman,11
xena,11
Kunstler,11
Helmut,11
dekal,11
acotar,11
accelerated,11
widowmaker,11
colombian,11
mummies,11
darkscifi,11
distended,11
Cory,11
valkerie,11
tyflow,10
rimming,10
nude,10
‚Ä¢,10
loin,10
pietro,10
silks,10
bolland,10
cheongsam,10
wetsuit,10
headstand,10
Renner,10
gynoid,10
plaited,10
sherree,10
carmen,10
daines,10
kroes,10
domme,10
jacinda,10
doutzen,10
pam,10
dumbbell,10
misa,10
treadmill,10
booties,10
naga,10
Brittany,10
vodianova,10
introverted,10
thicklimbed,10
lawless,10
Bitilasana,10
Marjaryasana,10
tsukushi,10
medevial,10
screenshotsaturday,10
gymnastics,10
Shirtless,10
ulluminated,10
echoing,10
illusionary,10
clayface's,10
jeffree,10
Supermodel,10
Barbie,10
busty,10
drawstring,10
sasha,10
Fully,10
summer;,10
sensuality,10
pleat,10
lipgloss,10
sidebuns,10
aerobics,10
shirred,10
Dennings,10
frzetta,10
humanisation,10
sunscreen,10
Momoa,10
slathering,10
unsearchable,10
gambit,10
vrubel,10
mowgli,10
aphonse,10
antiheroes,10
hayley,10
ü¶áüëÇ,10
avoided,10
neel,10
üëæüëóüõ∏üåà,10
attaining,10
gimenez,10
showering,10
mermaids,10
Oprah,10
hula,10
ethnicity,10
bulma,10
charlie's,10
colums,10
racy,10
kyoushitsu,10
anatsu,10
fishnets,10
faceintricateeleganthighly,9
sensitive,9
Irina,9
Chun,9
chested,9
lux,9
bulge,9
atwell,9
amane,9
libati,9
mochi,9
alessandra,9
bettie,9
evangeline,9
figured,9
hitomi,9
lycra,9
sanctos,9
suggestive,9
dollfie,9
umber,9
casshan,9
cyberman,9
¬•¬•¬•¬•,9
casshern,9
vitruvian,9
eternas,9
tombraider,9
üè¥‚ò†,9
bustier,9
babyface,9
‚õ™,9
musee,9
evangeleon,9
noctum,9
baki,9
Adriana,9
Lima,9
Alexandra,9
salviadroid,9
handsomely,9
ambrosio,9
colouring,9
üéÆüñ•,9
‚ôÇüê±,9
jogia,9
avan,9
caitlyn,9
troi,9
Kaley,9
Cuoco,9
Heard,9
koiv,9
kerli,9
deanna,9
guernica,9
Geena,9
bosum,9
attctive,9
votive,9
Kagetsu,9
penelope,9
pendragon,9
o'pry,9
Bolles,9
irresistible,9
leonine,9
barnet,9
mirabal,9
Lovato,9
hasid,9
mauro,9
stefaniak,9
preshaw,9
cardi,9
whitch,9
dazzle,9
daniela,9
uhlig,9
paintingtrending,9
fabok,9
takemiya,9
yuyuko,9
teasing,9
Kratos,9
hypnose,9
censored,9
morrigan,9
kirb,9
inducing,9
musgrove,9
piernas,9
cholo,9
Winstead,9
fnaf,9
dota,9
boob,9
bast,9
sava,9
pris,9
chung,9
jeehyung,9
gruff,9
yemoja,9
bind,9
unbeatable,9
bifrost,9
Anubis,9
drape,9
quiver,9
garce,9
zadnike,8
poots,8
kristina,8
ossip,8
golshifteh,8
farahani,8
wielder,8
alisauskaite,8
Bullock,8
tichenor,8
bate,8
nostalgiacore,8
awesomeness,8
withe,8
etheral,8
carolyn,8
lohne,8
astri,8
erte,8
keira,8
saintclair,8
apollonia,8
rutkwoski,8
sui,8
tits,8
refaeli,8
watson's,8
herr,8
tarr,8
babs,8
qamis,8
minent,8
minogue,8
bassgirl,8
scintillating,8
riddell,8
tantric,8
Bellucci,8
Catwoman,8
d'orsay,8
stinks,8
sednaoui,8
stephane,8
beesly,8
sprawled,8
trisha,8
BagshawLawrence,8
artgermTom,8
palvin,8
keylight,8
conception,8
dion,8
loreta,8
alison,8
chengwei,8
‚åõ,8
halsey,8
Tademagreg,8
paytas,8
Nico,8
√¶on,8
pan's,8
Playboy,8
Vision),8
staggered,8
maler,8
pinterestharper's,8
processingdigital,8
detailedkpost,8
pigtailsubtropical,8
Shayk,8
poldark,8
‚õì,8
üß∑,8
nubian,8
tsurime,8
remington,8
sommer,8
stash,8
gringleflapper's,8
gunn,8
pouncewerk,8
anthropowarp,8
tudors,8
photosynth,8
Charmed,8
Prue,8
Piper,8
todorovitch,8
Blonde,8
AV,8
figurativism,8
ahegao,8
Aura,8
Reversi,8
abundant,8
nierautomata,8
Carmen,8
GQ,8
etam,8
bdsm,8
armbands,8
vdovenko,8
japonisme,8
ectomorphic,8
paleblonde,8
Santora,8
chic'techno,8
jotaro,8
seydoux,8
jada,8
cammy,8
brunet,8
majoy,8
accentuated,8
ardern,8
Mansfield,8
Jayne,8
Samara,8
Goddess>,8
Lockhart>,8
<Tifa,8
Ade,8
dakimakura,8
mansfield,8
jayne,8
assisting,8
mieno,8
Dominique,8
Nizovtsev,8
LeeLoo,8
epicdramatic,8
poolside,8
kiefer,8
cru,8
üü•üëÅ,8
reinhart,8
lili,8
Bunny,8
Troopers,8
gauntlets>,8
chiroptera,8
hystorical,8
symettrical,8
porcellaine,8
flabby,8
ragnarok,8
shadowbolt,8
boucher,8
klimpt,8
affection,8
arcanist,8
Elsa,8
slipped,8
histology,8
biopsy,8
vasculature,7
lust,7
toulouse,7
lautrec,7
atlantean,7
delevigne,7
musclegirl,7
reinhardt,7
fecund,7
mynameistran,7
ventrue,7
suzu,7
Hirose,7
blattodea,7
beh,7
deliberate,7
rom,7
üçÉ,7
srilankan,7
sorrounded,7
surrender,7
hingre,7
bowlcut,7
lizzo,7
blooded,7
victorias,7
ankles,7
irreconcilable,7
Bella,7
McGinnis,7
leggy,7
boisterously,7
betch,7
sluty,7
glistering,7
Auguste,7
serena,7
tinkerbell,7
togethe,7
cati,7
snuggle,7
amalfi,7
soles,7
stimulant,7
mankini,7
Lola,7
Furaffinity,7
spotty,7
polach,7
aerith,7
Michelle,7
artmajeur,7
ideelart,7
toffee,7
mewtwo,7
abominable,7
revolting,7
katayama,7
bokuyo,7
darkfantasy,7
griezmann,7
climbs,7
üëÄüü¶üëÅ,7
slumped,7
hgh,7
Rihanna,7
tankoban,7
bendy,7
Padukone,7
berber,7
Fiona,7
darkstalkers,7
Instagramtaken,7
portraPhotoshopAdobe,7
gessica,7
draper,7
corner;,7
üáµüá∑,7
ares,7
microkini,7
emika,7
lightweaver,7
collignon,7
perfectness,7
biomechanic,7
druzy,7
muscly,7
aensland,7
johannson,7
nazarenko,7
sassy,7
huston,7
Cara,7
Versace,7
Alba,7
Deepika,7
misbegotten,7
pouty,7
dasha,7
peignoir,7
bunk,7
Boracay,7
Alison,7
herrington,7
Steel,7
Mucha))),7
obey,7
piroca,7
dura,7
shriver,7
rae,7
falero,7
deg,7
bem,7
steelpunk,7
bazaarconcept,7
hazzard,7
aslan,7
genderless,7
yennefer,7
swimmer,7
was'round,7
boros,7
gasping,7
webtoon,7
combinaison,7
purples,7
lafalaise,7
Riley,7
tonkin,7
cox,7
palombi,7
metgala,7
interpretative,7
takehiko,7
dionysus,7
assasin,7
apotheosis,7
treasure's,7
decolte,7
cupid,7
stripper,7
kyojin,7
mulatto,7
daydreams,7
jovovich,7
slaanesh,7
nami,7
numerals,7
Bisley,7
callipygian,7
buttocks,7
Cabanel,7
brittany,7
ada,7
crysis,7
Serena,7
Supergirl,7
Nathalie,7
surounded,7
lascivious,7
dives,7
zoltan,7
taffy,7
reznov,7
knightley,7
wolfman,7
makise,7
daniels,7
fuseli,7
clockworks,7
archipenko,7
supermodels,7
schmidt,7
swimwear,7
ikari,7
pivix,7
toriyami,7
togashi,7
Artsatio,7
longing,7
mallism,7
lakshmi,7
shwedoff,7
knowedge,7
gardnen,7
suppose,7
filonov,7
godesses,6
goryunov,6
turovec,6
mistic,6
kupka,6
renessaince,6
coy,6
situations,6
balinese,6
felicia,6
apocalypses,6
ocasio,6
scammers,6
rub,6
pyromancer,6
qipao,6
intricacy,6
WorksafeK,6
jaime,6
perlin,6
metallics,6
ramona,6
telepathic,6
üë®üé®,6
formless,6
craftswoman,6
rigidly,6
midage,6
genasi,6
femine,6
languid,6
agle,6
mei,6
craze,6
stefani,6
sleepwear,6
capcom,6
katsui,6
mitsuo,6
monna,6
butt,6
b√∂cklin,6
SECRET,6
VICTORIA'S,6
huntress,6
hwan,6
kyoung,6
movieAt,6
shotvery,6
hironaka,6
harumi,6
antono,6
roby,6
lemurian,6
brainwashed,6
yogisya,6
mina,6
musicality,6
intuit,6
coloar,6
pena,6
sakimi,6
Leeloo,6
fpv,6
mariska,6
zimbel,6
wagner,6
dykgraaf,6
mileena,6
dbz,6
inflateble,6
goldchains,6
armpit,6
lexi,6
kerrigan,6
marshennikov,6
‚öñ,6
troy,6
Moran,6
carnage,6
Lively,6
poarch,6
eevvee,6
bishoujo,6
lightingdigital,6
lunx,6
infasurat,6
tanar,6
vreodata,6
faun,6
pelvis,6
muri,6
nvat,6
credeam,6
donatello,6
wotc,6
bioillumination,6
heraldic,6
barechested,6
tights;,6
rna,6
prana,6
cyberpunksci,6
Amazonian,6
buste,6
inoue,6
dran,6
omin,6
calne,6
brownbuzzcut,6
fey,6
Guido,6
aguilera,6
Yoko,6
Mesopotamia,6
skindness,6
weathering,6
milla,6
jeannie,6
tina,6
acgn,6
Beyonc√©,6
abertas,6
rhinestones,6
cawamo,6
resemblance,6
kujo,6
claustrophobia,6
catatonic,6
bayonetta,6
photorealisic,6
cassests,6
technomancer,6
carver,6
Portman),6
untouched,6
BCE,6
Penelope,6
Sexy,6
holloway,6
zena,6
promethius,6
unreadable,6
bbwchan,6
Taro,6
disneys,6
thirsty,6
barb,6
morikawa,6
minerva,6
fretwork,6
amouranth,6
isabelledeltore,6
aureo,6
vento,6
moonbow,6
merges,6
kathmandu,6
Frahm,6
leotards,6
booru,6
Paola,6
crossfit,6
mommy,6
dommy,6
athletes,6
ursula,6
Michaels,6
tankobon,6
Gianna,6
Adesida,6
Davey,6
stacy,6
symmetrica,6
afrodita,6
thorburn,6
archibald,6
namilia,6
midthunder,6
samara,6
Brazilan,6
Redfield,6
brancusi,6
neoprene,6
offwhite,6
ArgyleLivia,6
Samson,6
Belarski,6
Rudolph,6
Jeri,6
examined,6
Frontal,6
Chonky,6
witchblade,6
carribean,6
parookaville,6
tabaluga,6
heterchromia,6
prostrate,6
frieza,6
Kinade,6
Quintin,6
Magali,6
Seignac,6
Guillaume,6
Tarot,6
Ingres,6
Dittman,6
weightlifting,6
catboy,6
gutai,6
nakian,6
bumpy,6
tissot,6
ctenophore,6
üü¶,6
carthaginian,6
avril,6
bodypaint,6
denise,6
michaels,6
gianna,6
endowed,6
figma,6
biel,6
fang,6
strains,6
dollops,6
serendipity,6
limerence,6
omar,6
hewitt,6
draven,6
Parton,6
Dolly,6
mounts,6
fantasyart,6
sarong,6
fomina,6
baikal,6
edelfelt,6
ganesha,6
lilly,6
superfit,6
Remake,6
raqib,6
okamoto,6
watanabe,6
gastel,6
lushious,6
contra,6
slimes,6
primoridal,6
treads,6
clayface,6
elektra,6
wresting,6
