,word,count
0,dream,1110
1,swimming,587
7,beautiful,20834
8,paint,1425
11,dancing,428
16,desert,2980
18,night,6758
20,zdzislaw,932
21,beksinski,3544
22,trending,20008
24,artstation,32195
25,painting,30650
26,edward,1117
27,hopper,931
28,group,823
32,wearing,13975
36,composition,5656
37,spacecraft,253
39,planet,2880
44,movie,10825
45,universe,1208
48,woman,4736
49,streets,642
51,apocalyptic,767
53,surrounded,1655
54,darkness,553
55,psychedelic,1202
56,creatures,466
63,person,1581
64,named,226
65,aaron,269
66,sharp,16318
67,focus,15568
68,award,9980
69,winning,10353
70,masterpiece,7505
71,extremely,6097
72,detailed,63958
73,intricate,20955
74,realistic,27573
76,landscape,7131
79,christopher,516
84,james,3087
89,octane,18189
90,render,23634
91,highly,26734
98,architecture,2502
100,building,2481
102,photorealistic,11644
103,portrait,33308
105,winner,1018
106,victo,695
107,ngai,693
115,vibrant,3082
116,color,7240
117,lines,639
120,aesthetic,1569
121,cinematic,27223
123,resolution,6408
124,centered,2064
125,dreamy,781
127,plants,830
133,details,6654
134,vintage,2581
135,polaroid,2663
136,photo,34773
137,hyper,12272
138,ultra,11032
139,photography,17182
140,ancient,2630
144,unreal,11434
145,engine,11168
147,large,4174
148,scale,712
149,perfect,3708
156,fantasy,9394
158,digital,20159
159,black,13619
163,human,3405
167,viking,322
169,thick,917
170,wavy,344
173,facial,1618
178,muscular,382
183,texture,2039
185,space,6964
186,classic,464
187,science,1350
188,fiction,938
190,novel,260
193,white,13104
195,sweet,237
200,watercolor,833
201,close,7174
206,rocha,336
207,painted,2368
208,rembrandt,888
210,baroque,1107
211,crowd,887
215,concert,288
222,pascal,215
225,mead,548
227,rutkowski,12746
228,beeple,2237
229,simon,1595
230,stalenhag,1406
231,chris,661
233,style,18610
237,tracing,2332
239,shading,520
242,maya,480
243,lighthouse,420
249,moebius,1085
250,harris,413
251,garden,1013
252,twilight,282
256,delville,260
257,maxfield,220
258,parrish,218
259,glowing,4206
260,paper,857
262,strong,635
263,dramatic,9718
264,lighting,35367
265,ornate,2421
269,smooth,7232
270,annie,915
273,factory,318
278,(,9810
280,),9666
281,[,1900
283,/,4107
285,],1817
287,photograph,13933
288,giant,4577
289,robot,3032
290,standing,4133
291,street,3072
297,bottle,1280
298,crashing,254
301,towers,372
305,studio,8625
306,symmetrical,3934
307,handsome,1097
311,artist,632
313,clothes,1320
316,elegant,6002
318,background,11522
319,flickr,265
320,clear,1978
322,canon,1216
323,sinister,311
324,creature,1773
330,another,606
332,front,3432
333,firing,226
336,cigarette,500
337,zombie,642
338,princess,367
340,prince,201
342,eating,3202
343,queen,835
344,extreme,2260
345,closeup,3586
356,sepia,379
357,setting,654
360,forest,4162
366,during,963
369,house,3233
370,pointing,239
372,camera,4537
375,holding,4775
382,bubble,477
384,within,329
388,light,16785
389,shadow,606
397,outside,891
398,monster,1924
405,still,13723
406,joker,549
407,american,1038
416,george,560
420,:,4447
421,features,1864
425,concept,15694
426,translucent,911
427,tiger,603
431,melting,522
432,round,1051
433,clouds,3456
434,volumetric,9602
437,textured,473
439,canvas,3043
440,dragons,285
442,colorful,3614
443,scales,217
445,fractal,1510
447,contrast,2045
449,spacesuit,209
455,angle,4933
456,action,1657
458,design,3589
460,tokyo,435
461,nuclear,932
463,lasers,207
466,couple,289
467,smiling,2150
469,other,696
472,macro,2823
474,inside,4709
477,looking,4281
478,through,3067
479,window,1513
480,dof,640
481,bokeh,3381
482,lifelike,1393
484,processing,973
485,illustration,10898
490,gates,302
491,jason,424
493,fight,320
495,years,1004
497,frame,2071
498,ufo,595
501,singer,310
504,mucha,3266
506,society,360
507,artists,239
508,weta,524
509,medieval,1859
512,eyck,201
515,goblin,218
517,dragon,1241
518,armour,285
519,young,3893
522,nicoletta,299
523,ceccoli,299
525,ryden,721
526,lostfish,294
529,frank,1772
530,frazetta,584
531,depth,5738
532,field,7345
533,gothic,1636
534,environment,2381
535,hyperrealistic,7167
537,future,1350
538,shape,1561
539,central,302
541,retro,1689
542,futuristic,4821
544,hyperdetailed,2569
545,cyberpunk,5265
546,synthwave,439
547,wallpaper,1435
548,pixiv,1177
555,hazmat,272
556,suits,244
557,their,1000
558,hands,961
561,geometric,680
562,vortex,216
563,symmetry,1910
565,mystical,783
567,green,3857
568,，,600
571,bronze,250
572,random,271
576,floral,294
577,magic,2039
579,loish,1067
580,rendered,3005
582,horror,3406
586,wires,636
590,italian,268
592,industrial,821
596,taking,699
598,ralph,206
600,cartoon,744
601,corgi,758
602,adorable,750
603,happy,1622
604,enamel,269
607,colors,6920
611,puppy,586
614,alien,4864
615,flower,1278
618,river,1652
619,reflecting,446
622,martin,445
623,johnson,745
625,giger,1498
628,intense,584
633,elder,300
634,abandoned,1542
637,nature,1685
638,cosmic,1385
641,signs,300
643,vision,268
645,retrowave,233
646,vaporwave,538
647,archdaily,337
648,ultradetailed,501
649,restaurant,710
652,flowers,2181
653,winter,918
656,meadow,408
657,laser,541
658,galactic,320
659,water,3778
661,noir,703
662,morning,1066
667,anime,3336
672,hyperrealism,2714
674,sunlight,763
675,rendering,1321
681,sunset,3384
683,bladerunner,254
685,infrared,215
688,cgsociety,3981
690,fisheye,557
693,train,781
694,station,1989
697,otherworldly,259
705,spring,223
707,skyline,349
708,skyscraper,402
709,falling,602
713,after,547
716,dinosaur,533
719,covered,1868
721,bathroom,204
725,smith,422
726,clown,724
727,makeup,404
728,dressed,2009
729,promotional,661
730,quality,8802
731,zuckerberg,423
732,doing,581
737,female,2092
740,apocalypse,381
743,louis,261
745,;,1300
746,gustave,722
747,dore,670
748,romanticism,394
752,people,2748
753,animals,336
759,contest,828
760,scene,4455
761,cityscape,370
765,sitting,3607
766,fruit,534
774,dutch,278
775,golden,5767
782,screaming,878
786,short,1587
787,brown,2106
788,messy,341
790,haircut,208
793,slightly,533
799,small,3372
803,leather,641
804,jacket,1073
806,length,605
812,incredible,709
814,artwork,3151
815,shoulders,553
816,wayne,1377
817,barlowe,940
818,pennington,645
819,african,497
820,powerful,563
824,alphonse,3005
825,rhads,994
828,artgerm,5938
829,burning,995
830,surreal,2703
832,rugged,326
837,spider,654
840,fluffy,1359
845,bunny,317
846,rabbit,630
847,hybrid,2020
848,mixed,1036
849,character,3931
850,flowing,610
855,tribal,279
857,feathers,364
858,renaissance,775
861,eerie,1224
863,cheese,1010
865,massive,1222
867,canyon,259
868,moody,2192
869,whole,277
870,surface,1071
871,broken,806
872,ground,1197
877,cowboy,617
879,shrek,280
880,riding,1338
881,bicycle,210
884,palace,449
887,ghibli,1353
889,shadows,1531
891,intricately,329
892,carved,658
894,astronaut,1395
895,meeting,262
896,octopus,551
897,humanoid,1103
898,establishing,892
899,motion,1224
900,blur,1928
901,retrofuturistic,256
904,wlop,3513
906,mumford,965
909,peter,2332
910,mohrbacher,1311
912,featured,2003
914,goodman,451
918,cozy,457
924,official,556
925,noise,473
926,redshift,378
927,pyramids,303
928,pyramid,493
933,pretty,496
934,matte,6000
935,deviantart,1284
936,super,2842
937,felix,235
938,steve,1249
940,tyler,466
942,panda,521
943,snake,612
944,minimalistic,679
950,jeremy,621
952,gritty,384
953,underwater,912
957,tabby,281
958,arnold,341
964,detail,10558
967,blonde,802
968,curly,574
971,dimly,305
975,using,725
976,zeiss,259
980,teeth,887
983,harry,401
984,potter,382
985,mushrooms,284
987,obama,513
988,royal,540
990,yellow,2437
995,traced,344
998,alexander,318
1009,melancholy,210
1014,victorian,945
1016,stands,485
1017,beside,228
1019,dress,924
1021,english,272
1029,norman,746
1030,rockwell,710
1033,modern,1912
1034,school,886
1039,vivid,1897
1040,shaded,927
1041,poster,2641
1042,ilya,1775
1043,kuvshinov,1699
1044,katsuhiro,229
1046,michael,1538
1048,makoto,2133
1049,shinkai,2127
1054,sculpture,2491
1059,watson,455
1060,wooden,1677
1063,witch,411
1068,mouth,1184
1071,blurred,257
1075,rtx,672
1076,drawing,1648
1077,vertical,236
1078,rocket,395
1079,stars,1823
1080,takashi,248
1085,clean,1313
1090,holographic,502
1091,iridescent,1339
1092,luminescent,258
1094,floating,2496
1095,marble,1158
1098,andrew,253
1099,jones,757
1102,ethereal,946
1103,purple,1540
1106,hotel,348
1108,machine,1253
1118,eagle,274
1119,outer,535
1120,stunning,3520
1121,ruan,937
1122,jia,923
1126,living,695
1127,product,1649
1128,display,427
1131,facing,522
1134,alley,218
1136,lights,3248
1138,walls,771
1139,heavy,1594
1141,lightning,1478
1142,minimalist,880
1148,textures,886
1151,dwayne,282
1158,tattoo,922
1159,traditional,558
1162,japanese,1237
1163,inspired,1990
1167,finely,257
1172,brick,225
1182,*,313
1184,illusion,244
1188,jeffrey,211
1189,surrealism,1195
1198,there,934
1199,several,258
1200,planets,417
1201,earth,1881
1202,office,777
1203,table,2451
1204,coffee,850
1206,glossy,509
1207,ceiling,361
1208,bright,2601
1222,karcz,333
1223,horns,360
1224,taken,2285
1225,nikon,932
1226,liminal,919
1227,amazon,216
1230,crown,1145
1232,three,1070
1234,profile,1261
1235,giraffe,343
1238,regal,213
1240,magical,1530
1241,realism,3086
1243,kitten,339
1244,raccoon,222
1247,donald,1767
1248,trump,2135
1253,sigma,624
1256,structure,687
1257,thomas,1748
1258,kinkade,1217
1263,peaceful,267
1264,alena,368
1265,aenami,377
1268,single,1571
1269,pearl,281
1271,daguerreotype,368
1274,homeless,318
1276,gta,578
1278,stephen,816
1279,bliss,516
1280,ferdinand,482
1281,knab,464
1282,lois,798
1283,baarle,833
1284,rossdraws,1068
1286,bagshaw,898
1287,global,1924
1288,illumination,2007
1289,radiant,1093
1290,urban,337
1291,overgrown,379
1292,tower,1380
1293,about,1184
1296,abstract,1551
1298,skull,1535
1299,headphones,328
1300,&,2937
1304,morgan,237
1305,freeman,201
1308,ratio,1458
1311,reflection,567
1314,collection,391
1316,island,742
1319,crystal,1142
1327,prison,367
1329,behind,1455
1331,angry,967
1332,atmospheric,3194
1336,coral,241
1337,cyborg,1559
1338,brain,642
1339,jellyfish,237
1340,atmosphere,2741
1342,scifi,1290
1343,mysterious,930
1345,market,230
1349,william,670
1356,rainbow,1218
1357,liquid,807
1359,leyendecker,726
1362,bouguereau,296
1366,being,1522
1370,amazing,1427
1372,wings,631
1373,creepy,1784
1374,figure,983
1376,cyber,365
1377,cybernetic,683
1380,shoulder,453
1381,fashion,1567
1384,decorated,348
1386,helmet,1266
1390,biden,1710
1394,shopping,332
1398,robots,391
1400,painterly,313
1407,francis,306
1410,klimt,417
1411,nixeu,225
1414,krenz,642
1415,cushart,676
1419,gandalf,271
1420,tesla,278
1422,laboratory,332
1423,machines,228
1426,manga,405
1434,picture,2795
1435,cthulhu,207
1438,comic,581
1439,feng,264
1440,zhu,249
1441,alejandro,262
1446,legends,227
1455,circular,488
1456,designs,216
1458,sphere,683
1460,fractals,367
1461,roots,264
1462,fluid,300
1463,simulation,263
1465,subsurface,477
1466,scattering,545
1467,vray,663
1468,environement,410
1470,pastel,1526
1472,buildings,866
1474,story,211
1476,animation,705
1479,jessica,271
1480,rossier,248
1481,brian,308
1483,gaston,503
1484,bussiere,522
1485,playing,2346
1486,chess,396
1487,against,564
1488,vincent,380
1490,double,412
1491,exposure,828
1499,london,365
1502,biomechanical,546
1504,plain,356
1514,shaped,1436
1517,model,1989
1521,claymation,353
1522,video,1053
1523,grim,347
1525,wizard,644
1526,kitchen,615
1527,heaven,397
1530,nouveau,759
1532,patterns,312
1533,hildebrandt,883
1534,bruce,859
1535,donato,1063
1536,giancola,1058
1538,magali,617
1539,villeneuve,1147
1540,batman,244
1541,driving,804
1543,advertisement,401
1549,steel,568
1550,smoking,1563
1551,lemon,794
1555,screen,813
1556,russian,643
1563,behance,1658
1569,spirit,264
1583,steampunk,1997
1588,hills,377
1589,summer,744
1590,trees,2194
1591,thunderstorm,221
1592,spaceship,1738
1593,above,1763
1595,christmas,248
1597,family,1162
1599,advertising,262
1601,neutral,363
1602,palette,972
1606,anton,389
1611,stanley,730
1613,graphic,580
1614,propaganda,216
1615,illustrated,371
1619,sticker,323
1627,police,573
1628,interior,1554
1629,nighttime,283
1636,analog,697
1638,mountain,2508
1639,range,383
1640,sunny,975
1641,mechanical,906
1643,exploding,498
1644,futurism,485
1647,lonely,666
1651,grass,1153
1652,coming,750
1653,right,548
1654,truck,485
1655,walter,1193
1665,magazine,1474
1666,vogue,265
1668,ektachrome,400
1670,metal,1779
1671,nebula,979
1673,reflective,892
1679,medium,2341
1680,pixar,1771
1681,disney,1024
1682,zoomed,325
1687,rising,352
1688,horizon,932
1690,misty,748
1691,mountains,2467
1694,anthropomorphic,1518
1695,robes,512
1702,haired,479
1704,animal,1334
1705,cross,436
1706,between,1223
1708,fuzzy,246
1711,jewels,246
1719,vladimir,563
1722,infinite,439
1724,death,668
1725,valley,766
1727,place,400
1728,watch,218
1731,sheep,328
1735,glass,4107
1736,funko,202
1738,armor,1378
1744,birthday,464
1746,mcdonalds,249
1749,haunted,315
1750,spooky,359
1760,plate,1186
1761,different,354
1765,underground,429
1767,dystopian,1052
1768,gregory,348
1769,crewdson,320
1770,muted,1424
1774,polar,229
1775,middle,2555
1776,ocean,1655
1781,jackson,284
1783,monkey,531
1784,bridge,569
1793,flame,407
1794,laughing,644
1796,bones,420
1800,richard,556
1807,larry,364
1808,david,2266
1810,starring,724
1814,elephant,263
1815,shiny,828
1816,chrome,616
1820,pixel,564
1821,heart,477
1824,split,262
1828,obese,259
1830,drinking,911
1831,getting,371
1836,glasses,1333
1840,landing,389
1841,pizza,1892
1842,shark,275
1855,jumping,288
1860,scary,1394
1863,image,4589
1865,waves,702
1867,sense,714
1870,leonardo,322
1872,vinci,267
1877,simple,773
1878,smile,902
1880,craig,1154
1881,mullins,1071
1890,showing,575
1891,various,277
1893,insanely,2060
1901,galaxy,1135
1902,quantum,290
1907,celestial,225
1913,images,284
1920,great,803
1923,adamus,566
1926,center,1270
1931,artistic,923
1936,minions,261
1942,computer,1377
1944,leiter,350
1945,muddy,207
1946,dirty,761
1951,shutter,409
1952,speed,645
1953,gaussian,326
1957,scarf,254
1963,grain,2156
1971,brush,560
1973,sunrise,768
1977,gouache,248
1984,around,1751
1986,reflections,1388
1988,which,547
1989,flying,2528
1990,visible,860
1991,leading,289
1992,world,2818
1993,spiritual,351
1998,portal,942
2006,snowy,848
2008,classical,306
2010,final,275
2019,aperture,427
2020,eastman,210
2022,kodak,2463
2023,portra,1735
2024,wetplate,878
2025,colours,1679
2026,colour,1729
2029,orange,2206
2030,blueberry,551
2032,kanye,745
2038,christian,508
2040,soldier,814
2042,natural,2749
2050,crazy,331
2056,mandelbrot,232
2058,british,400
2063,level,528
2064,tears,242
2066,zbrush,385
2068,nicolas,225
2070,leica,348
2076,leibovitz,679
2083,newspaper,220
2087,visual,620
2090,fanbox,341
2093,spaghetti,581
2094,hairstyle,340
2095,little,1340
2096,demon,485
2099,church,526
2106,charlie,484
2107,bowater,299
2111,daz,234
2126,museum,975
2127,strange,1073
2128,dreamlike,283
2129,unsettling,267
2139,subway,267
2145,yoji,212
2146,shinkawa,211
2147,creative,356
2148,burger,575
2155,themed,365
2159,cabin,431
2164,gorgeous,929
2165,furniture,459
2170,sheet,227
2171,lava,579
2173,solar,453
2176,travel,242
2177,beauty,374
2179,thirds,890
2180,blender,638
2182,flash,722
2184,fishing,204
2189,pirate,396
2191,storm,1164
2198,candy,500
2213,haeckel,382
2215,headshot,1336
2221,grainy,2053
2223,swamp,328
2226,stage,541
2233,posing,548
2236,power,371
2242,funny,729
2243,minion,323
2245,effect,969
2247,professional,3567
2251,egyptian,385
2254,overhead,292
2255,phone,433
2259,president,779
2260,devil,224
2267,guitar,533
2271,cream,999
2275,explosion,802
2276,globe,253
2278,cloud,845
2279,where,770
2282,whelan,449
2285,rough,360
2286,interesting,202
2287,based,405
2289,colored,1323
2291,slight,263
2299,metallic,871
2305,shallow,1811
2308,crisp,1132
2312,roman,503
2317,mushroom,627
2318,smoke,2289
2325,vines,269
2326,beams,243
2333,android,668
2337,fighting,848
2338,elderly,317
2341,majestic,630
2347,=,216
2352,ceramic,489
2355,phoenix,243
2356,energy,547
2358,tooth,390
2362,pilot,249
2364,without,411
2367,luminous,277
2369,blizzard,212
2372,crocodile,203
2374,photoreal,382
2387,dystopia,207
2388,hunter,292
2400,dripping,387
2403,dusk,813
2404,kodachrome,511
2405,blurry,522
2407,vampire,326
2411,yoshitaka,437
2412,amano,499
2419,talking,311
2421,raining,408
2423,ultrafine,507
2425,german,331
2432,cliff,551
2437,elson,359
2438,hardy,415
2439,retrofuturism,258
2446,pokemon,325
2447,battle,882
2448,meme,667
2449,capybara,541
2458,antique,313
2460,century,1144
2463,silver,1381
2466,doctor,641
2479,pinterest,663
2481,colourful,637
2488,walking,1651
2489,filled,1083
2494,dariusz,233
2495,zawadzki,329
2496,barlow,286
2497,warhammer,212
2498,hue's,214
2500,gradient,547
2501,definition,1696
2511,dynamic,2947
2520,teenage,438
2522,yelling,208
2525,unsplash,372
2526,jimmy,233
2531,photorealism,1721
2532,flare,1132
2546,photographic,1244
2548,farmer,214
2551,closed,336
2552,running,931
2555,leaves,652
2557,growing,696
2560,desaturated,306
2561,ghost,983
2563,silhouette,416
2566,shining,948
2567,square,1082
2568,frames,324
2569,haze,657
2576,robotic,637
2582,cruise,237
2583,albert,610
2584,bierstadt,251
2585,overlooking,302
2588,instead,289
2592,wheels,627
2596,donut,206
2601,chocolate,557
2604,delicious,556
2609,freckles,352
2610,attractive,352
2612,faded,398
2614,splash,503
2618,hanging,494
2623,evening,523
2624,multicolored,229
2625,stones,223
2630,fabric,259
2631,transparent,961
2634,he's,214
2640,miniature,848
2646,parts,781
2650,bosch,294
2651,caravaggio,642
2658,endless,344
2662,apple,994
2669,swirling,729
2670,ultrawide,261
2678,album,979
2679,cover,1933
2681,ferrari,252
2690,national,1695
2691,geographic,1406
2692,bioluminescent,402
2698,press,849
2699,mccurry,669
2700,lazar,259
2716,|,1715
2717,grand,510
2719,gigantic,638
2723,houses,248
2727,cinema,734
2736,crab,287
2741,lightsaber,292
2742,pencil,664
2744,bearded,246
2746,precise,207
2748,yoda,524
2753,windows,784
2758,costume,661
2764,cooking,358
2765,pasta,204
2772,complex,1119
2773,hayao,262
2774,miyazaki,333
2778,tilt,702
2779,shift,709
2780,ambient,1786
2782,aesthetically,309
2783,pleasing,294
2786,turtle,494
2792,backdrop,315
2793,perspective,1029
2807,under,1326
2812,aztec,265
2814,buried,311
2815,hourglass,230
2823,priest,253
2824,empire,211
2826,scenery,687
2832,headset,239
2836,artificial,418
2837,demonic,387
2838,eldritch,304
2841,going,413
2842,blood,695
2845,cinestill,1323
2847,occlusion,501
2848,anamorphic,1422
2849,britt,859
2850,marling,866
2851,carpet,271
2852,books,248
2855,strawberry,293
2856,pattern,355
2857,hasselblad,700
2861,concrete,934
2865,pineapple,212
2866,avocado,499
2867,aliens,522
2870,footage,2130
2877,anatomy,295
2880,solid,287
2881,together,460
2885,teddy,255
2887,breakfast,230
2893,galaxies,323
2906,emerging,447
2909,angelic,305
2911,warrior,859
2914,diorama,380
2922,jungle,670
2923,gustav,339
2925,michal,310
2930,scott,551
2932,steven,291
2934,secret,402
2938,perfectly,313
2941,blond,349
2942,scientist,361
2943,working,777
2945,micro,529
2947,women,263
2952,cereal,288
2956,unknown,227
2960,organic,765
2961,weird,568
2962,enormous,335
2963,impressive,204
2969,foreground,689
2973,object,483
2974,escher,253
2976,magritte,333
2977,conceptual,260
2979,acrylic,367
2980,flames,430
2985,raytracing,729
2987,winkelmann,247
2989,rusty,485
2990,skeleton,721
2993,woods,554
2994,plant,524
2996,music,522
3003,business,334
3006,material,357
3020,lego,548
3023,designed,1687
3024,nintendo,202
3026,delicate,434
3052,scenic,534
3057,danny,528
3058,devito,365
3060,festival,226
3064,expression,908
3068,mystic,369
3076,ultrarealistic,585
3083,hidden,244
3086,uncanny,225
3087,jedi,335
3088,clothing,800
3098,santa,285
3100,workshop,274
3101,crying,662
3102,volume,420
3107,marcin,301
3111,reading,286
3119,shirt,972
3130,anderson,953
3133,brooks,240
3134,justin,404
3135,gerard,224
3136,contemporary,591
3137,zdzisław,1007
3138,gloomy,623
3140,minecraft,527
3142,shiba,351
3165,sushi,383
3167,laptop,310
3168,grassy,293
3170,first,779
3171,cloak,474
3172,tarkovsky,285
3176,foggy,1626
3178,sports,276
3187,found,584
3189,tardigrade,220
3193,impressionist,273
3194,knife,343
3195,piano,246
3196,strokes,347
3206,empty,1232
3209,andreas,517
3224,system,432
3227,special,211
3228,effects,358
3229,maximalist,244
3235,trail,409
3241,brutalist,843
3244,attacking,248
3248,beard,996
3252,having,545
3259,simonetti,423
3266,asymmetrical,355
3271,tunnel,340
3276,porcelain,812
3277,copper,263
3292,balance,725
3293,minimal,288
3294,+,1261
3298,tattoos,421
3300,intimidating,302
3323,mirrors,210
3324,filmic,384
3325,stormy,634
3326,weather,489
3327,ominous,1094
3329,mirror,566
3331,detective,486
3334,aerial,527
3342,fanart,311
3357,hughes,271
3361,child,573
3362,castle,1594
3366,hallway,336
3368,glitch,391
3370,noah,230
3371,bradley,236
3373,eclipse,229
3375,colorized,462
3379,associated,241
3389,crashed,252
3394,diffuse,239
3406,party,660
3417,caspar,307
3418,friedrich,334
3419,gurney,778
3421,souls,248
3434,lloyd,217
3435,wright,257
3438,beach,1778
3441,mecha,262
3442,isometric,1073
3456,necklace,209
3459,corner,254
3462,magnificent,304
3463,focused,644
3475,television,352
3477,dreams,216
3480,cinematography,856
3483,picasso,235
3494,horse,574
3504,looks,1881
3513,rings,583
3524,muppet,462
3529,dinner,480
3532,potato,296
3539,bubbles,313
3540,snail,272
3541,selfie,993
3544,greek,417
3556,surrealist,435
3558,vfx,611
3573,wonderful,228
3576,squid,206
3583,mouse,342
3586,soldiers,508
3588,hazy,332
3605,cotton,259
3609,flashlight,209
3614,friends,353
3622,bonsai,266
3626,lantern,254
3627,starry,349
3628,stone,1498
3635,paolo,230
3639,tomasz,554
3641,kopera,615
3646,daylight,223
3651,while,1139
3654,cloudy,701
3657,subject,504
3661,hitler,269
3663,format,745
3666,nazi,216
3670,uniform,944
3678,neoclassical,233
3683,spiral,368
3685,flesh,681
3686,willem,207
3688,screenshot,1347
3689,knight,844
3690,directed,1501
3707,media,637
3713,vector,512
3716,sunglasses,1337
3719,military,782
3725,emmanuel,236
3738,romantic,291
3758,backlit,708
3759,architectural,557
3760,collage,518
3782,frozen,512
3784,robert,763
3786,lovecraft,266
3793,panorama,251
3801,distance,1464
3813,godzilla,265
3821,jesper,334
3822,ejsing,333
3823,irakli,208
3824,nadar,227
3829,scientific,248
3831,intelligence,299
3842,coherent,1233
3846,print,761
3849,anatomically,360
3850,correct,482
3859,french,750
3865,traveler,202
3871,grunge,288
3874,sleeping,277
3875,crystals,440
3877,particles,379
3878,wildlife,374
3879,hypermaximalist,349
3894,analogue,266
3896,expressionism,253
3898,accurate,688
3901,baptiste,201
3915,making,528
3917,theme,558
3918,fighter,229
3919,electric,536
3920,cables,355
3941,hyperrealist,285
3959,cigar,467
3980,cosmos,247
3987,clock,211
3988,gears,276
3993,skyrim,308
3995,patrick,280
4014,sword,525
4019,moonlight,369
4020,bunch,217
4022,store,507
4026,josan,277
4027,gonzalez,249
4066,pepe,279
4068,chubby,272
4077,throne,347
4084,dense,294
4085,tones,629
4092,covering,256
4098,tongue,211
4100,things,309
4101,otomo,224
4102,shell,434
4132,lizard,303
4136,extremly,206
4137,processed,209
4148,multiple,392
4152,stock,525
4160,depicting,361
4164,friendly,371
4169,chiaroscuro,819
4179,unedited,540
4206,denis,599
4213,chair,572
4216,pikachu,420
4235,security,317
4244,paris,310
4247,toilet,332
4249,exotic,295
4261,symmetric,842
4266,furry,801
4267,bloom,355
4269,supper,237
4273,chicken,985
4279,autumn,517
4280,explosions,274
4288,candid,455
4291,circle,356
4293,graphics,453
4295,balloon,262
4300,hedgehog,278
4301,bread,347
4302,exoplanet,220
4307,aurora,363
4314,andrei,269
4316,flooded,372
4317,public,469
4325,airbrush,376
4331,blade,592
4332,runner,516
4335,takeuchi,204
4341,sweater,305
4342,lying,232
4350,graffiti,389
4364,historical,471
4367,master,471
4378,vegetation,314
4379,advanced,209
4394,elizabeth,227
4401,starship,254
4429,linework,271
4432,highway,267
4433,dslr,1366
4438,towards,559
4441,chest,466
4450,sparkling,375
4451,godrays,375
4453,charles,214
4456,watching,657
4460,tornado,349
4468,alone,483
4469,below,376
4472,forehead,237
4473,materials,305
4474,tarot,294
4480,pieces,225
4503,waiting,292
4514,laying,279
4520,fried,393
4535,coloured,507
4546,angel,382
4550,western,230
4551,famous,290
4561,diffusion,253
4572,direction,320
4582,tropical,380
4585,yoshida,337
4594,goggles,205
4599,containing,236
4604,bedroom,276
4615,thrones,368
4618,parked,239
4625,destroyed,338
4639,hovering,324
4640,figures,276
4644,watermelon,356
4653,staring,540
4655,desolate,414
4673,filter,481
4688,beans,258
4689,'s,1028
4700,panoramic,281
4701,rainy,522
4712,beanie,235
4720,money,327
4721,floor,989
4749,vehicle,289
4750,breaking,585
4754,nightmare,429
4763,across,580
4764,submerged,236
4766,rocks,459
4767,village,900
4770,husky,276
4775,polished,365
4800,bacon,491
4801,gilleard,496
4804,whale,275
4820,dusty,371
4823,temple,1161
4840,einstein,421
4847,takato,246
4848,yamamoto,238
4855,drone,417
4858,fluorescent,250
4862,cloth,332
4870,instagram,716
4872,heroic,223
4875,early,897
4881,breathtaking,559
4914,butterfly,402
4915,candle,272
4924,drawn,368
4928,crowded,203
4935,grotesque,239
4938,damaged,213
4942,samurai,527
4946,visionary,308
4951,_,3162
4962,wedding,263
4964,stylized,654
4965,glitter,227
4984,trash,223
4986,spongebob,213
5014,brightly,272
5018,everything,314
5026,volcano,397
5037,technology,514
5038,exterior,381
5040,utopian,418
5041,birds,472
5046,point,904
5056,baseball,274
5066,state,204
5067,hospital,289
5074,letter,262
5075,ravelo,209
5078,united,362
5079,states,326
5090,lenses,235
5107,gallery,275
5118,raphael,412
5119,lacoste,295
5126,faces,1343
5140,dimensional,319
5156,stand,323
5170,diamond,507
5175,putin,782
5184,shapes,437
5191,along,298
5194,cactus,208
5211,giving,338
5268,imax,469
5273,daniel,360
5278,',306
5290,soviet,800
5324,submarine,234
5342,roger,420
5343,shooting,374
5346,stunningly,201
5350,karol,260
5352,rococo,350
5368,figurine,282
5370,rural,211
5384,indian,240
5392,oversized,336
5412,kyoto,258
5414,rocky,493
5420,photos,388
5432,backrooms,303
5440,asher,213
5454,tuxedo,231
5455,joseph,444
5459,entirely,258
5460,luxury,428
5466,built,414
5473,statue,1072
5483,banana,688
5488,filigree,265
5490,cherry,223
5505,alps,227
5515,distant,834
5542,featuring,431
5563,marvel,264
5596,general,207
5606,would,203
5644,symbol,224
5655,editorial,300
5656,brutalism,262
5668,structures,277
5669,lovecraftian,408
5670,tentacles,292
5681,overcast,260
5683,milky,371
5685,fantastic,358
5687,jurgens,249
5695,professionally,250
5700,series,329
5701,goddess,583
5707,photographed,683
5715,really,301
5726,afro,219
5750,dull,245
5757,extra,785
5763,#,385
5770,ansel,251
5771,adams,357
5783,salvador,388
5784,dali,501
5804,disguised,266
5811,wrapped,227
5812,ornaments,252
5829,virtual,206
5830,reality,412
5838,brom,369
5839,technicolor,224
5846,elmore,266
5858,vibe,361
5878,accents,322
5887,library,296
5896,outfit,463
5898,japan,211
5961,cookie,214
5965,expired,433
5966,elmo,201
5968,simpson,243
5977,jelly,233
5978,hamburger,398
5985,bezos,209
5999,imagery,312
6001,fursona,242
6015,bloody,295
6031,uhd,1140
6044,destroying,217
6053,carrying,264
6060,production,419
6077,scheme,992
6080,among,209
6083,crepuscular,206
6099,complexity,255
6103,captain,402
6115,hooded,309
6130,asian,398
6145,jordan,360
6155,combat,214
6161,chaos,250
6168,fireworks,208
6188,fairy,226
6192,waterfall,579
6194,mother,377
6198,everywhere,362
6204,skinny,335
6210,jesus,407
6230,fujifilm,204
6256,terrifying,423
6287,opening,205
6289,gerald,233
6301,whimsical,351
6323,stylish,332
6334,sacred,409
6335,geometry,359
6337,elaborate,317
6361,zaha,433
6362,hadid,447
6366,dolomites,221
6400,sauce,270
6418,criterion,270
6430,kangaroo,291
6470,vallejo,406
6480,ruins,594
6487,burns,212
6489,humans,338
6491,episode,286
6502,skies,298
6517,plush,248
6527,boris,696
6540,ridley,244
6565,terminator,221
6569,arthur,255
6572,monochrome,548
6578,heads,232
6639,beautifully,575
6649,nearby,269
6650,interstellar,307
6653,private,204
6662,barren,219
6663,wasteland,223
6664,anatomical,227
6670,sandwich,431
6685,documentary,312
6692,serious,305
6693,comprehensive,357
6707,pug,253
6756,edges,372
6762,characters,284
6777,photographer,309
6827,snoop,228
6840,court,217
6851,caught,291
6869,turquoise,218
6870,something,226
6902,dune,281
6905,cctv,235
6913,telescope,266
6923,tintype,370
6944,outdoor,385
6948,construction,233
6956,cosplay,410
6958,vibrancy,299
6974,musk,1028
6990,mount,337
7037,ninja,258
7044,hamster,239
7065,gordon,203
7092,before,329
7139,blockbuster,393
7172,divine,297
7195,bangs,243
7241,insane,297
7242,elite,244
7306,creating,246
7324,emperor,341
7330,northern,240
7331,flares,285
7350,photoshoot,479
7354,entrance,218
7357,colossal,258
7403,forms,238
7418,straight,426
7481,dnd,306
7490,thing,350
7557,tubes,240
7560,elements,369
7576,nostalgic,204
7579,exquisite,299
7606,baked,213
7618,grimdark,221
7626,laurie,232
7628,jewelry,253
7665,emotional,400
7671,vibes,274
7674,multi,212
7682,muscles,237
7686,apartment,303
7713,plastic,653
7714,oscar,229
7722,puppet,249
7728,fortress,583
7736,gathering,257
7744,inspiring,356
7753,heavenly,221
7761,ginger,258
7779,cone,258
7787,paintings,233
7800,iphone,402
7825,ruined,228
7868,slice,293
7870,board,284
7887,infinity,317
7889,dimension,335
7908,trapped,210
7965,plane,336
7989,expressive,398
8005,ernst,495
8064,kubrick,389
8102,serene,528
8117,fully,342
8134,darth,226
8143,predator,219
8146,’,206
8179,“,828
8180,”,801
8187,aivazovsky,284
8198,fries,254
8200,drink,256
8211,sketch,613
8271,country,201
8306,steam,397
8343,redemption,249
8369,mutant,231
8399,herpen,248
8417,eddie,241
8422,piece,467
8466,tomato,229
8497,fancy,467
8525,knitted,214
8560,visor,236
8572,solarpunk,391
8583,masks,206
8600,opera,202
8619,akihiko,266
8634,occult,298
8635,cronenberg,250
8656,bottom,398
8666,illuminated,331
8680,grimmer,209
8683,mural,355
8691,diamonds,266
8696,sleek,228
8710,foccus,249
8711,ilustration,253
8730,matrix,354
8812,brilliant,205
8853,disturbing,220
8868,veins,235
8870,microscopic,216
8892,telephoto,286
8907,menswear,210
8908,mcqueen,212
8913,process,211
8958,Walter,610
8959,White,728
8963,Portrait,957
8964,George,252
8965,Peter,454
8968,Oil,233
8970,House,240
8974,Tom,406
8981,Photograph,363
9002,K,3859
9008,Amano,228
9011,Greg,1919
9013,Mark,721
9015,Beksinski,655
9026,gradients,323
9027,High,601
9039,kojima,211
9076,Zuckerberg,209
9084,Still,350
9085,Star,439
9087,The,3632
9105,A,8545
9107,John,820
9108,William,234
9110,Ilya,228
9112,Edward,524
9113,Hopper,427
9116,HD,2501
9128,horrifying,218
9136,Joker,240
9137,(),1129
9143,Harry,227
9150,Wars,263
9180,New,393
9181,York,278
9182,Artstation,1532
9211,Alphonse,343
9217,Pixar,336
9220,Stanley,368
9221,Artgerm,673
9228,By,253
9229,Makoto,416
9230,Shinkai,386
9232,WLOP,587
9234,James,1281
9235,Jean,530
9236,Andrei,312
9238,Marc,313
9239,Simonetti,266
9241,D&D,390
9242,ArtStation,533
9249,An,924
9262,eastern,256
9266,Man,266
9269,Tim,222
9270,Wayne,352
9271,Barlowe,309
9272,Bruce,293
9274,HDR,796
9297,Joe,789
9298,Biden,754
9306,David,839
9331,Thomas,452
9335,Rembrandt,231
9370,Kodak,517
9382,Highly,540
9383,Detailed,512
9384,Hyper,210
9387,GTA,259
9388,V,210
9389,Stephen,209
9416,times,240
9418,Space,237
9441,Cyberpunk,216
9452,dappled,214
9468,Studio,377
9475,played,256
9476,Danny,301
9490,Ross,378
9531,Very,242
9537,D,1360
9546,Rutkowski,1641
9550,Mr,219
9595,Painting,486
9598,National,242
9607,Movie,267
9618,Putin,208
9629,Photo,660
9635,Concept,210
9636,Digital,279
9650,Japanese,457
9653,In,430
9671,Trump,584
9673,Black,287
9687,Octane,428
9697,Unreal,891
9698,Trending,806
9705,armored,333
9706,battlefield,225
9708,Canon,303
9709,EOS,225
9710,R,280
9711,f/,913
9712,ISO,683
9713,/s,525
9714,RAW,265
9722,Art,656
9738,“a,294
9748,created,323
9756,Saul,211
9758,tiki,350
9765,Beautiful,401
9780,Kanye,272
9781,West,284
9789,Michael,488
9806,Donald,594
9827,HR,240
9849,Lightroom,201
9852,Photography,308
9875,Ghibli,215
9887,Zdzisław,402
9888,Beksiński,449
9953,civilization,226
9961,Elon,361
9962,Musk,279
9964,Albert,299
9970,Mucha,341
10002,children,338
10005,UHD,672
10008,upper,355
10018,Cinematic,533
10019,Polaroid,497
10027,Steve,489
10041,Earth,265
10094,skyscrapers,247
10107,Film,231
10126,Emmanuel,205
10139,called,223
10152,Robert,244
10166,works,384
10183,Johnson,409
10184,shoot,250
10196,Bob,245
10222,midnight,412
10279,mustache,303
10289,Gurney,288
10373,AI,202
10453,Photorealistic,236
10487,Jerma,756
10489,Camera,381
10503,mario,337
10538,Lee,394
10582,Paul,377
10595,Simon,305
10603,City,226
10634,Intricate,213
10636,Award,533
10648,Obama,259
10661,Realistic,329
10675,Giger,327
10719,rifle,254
10733,Zdzislaw,299
10809,completely,233
10814,XF,356
10815,IQ,358
10816,MP,242
10817,Adobe,287
10825,enhanced,203
10839,haunting,257
10862,American,384
10916,Engine,860
10955,F,366
10958,Craig,262
10960,Dark,205
10965,Close,230
10991,Chinese,212
11038,Lighting,243
11042,tint,205
11096,I,551
11101,it's,636
11129,Render,277
11176,Matte,252
11218,Red,224
11262,Frank,283
11306,Annie,346
11307,Leibovitz,260
11519,caustics,260
11655,Jones,273
11718,Action,216
11746,Mohrbacher,206
11779,socialist,300
11802,Mike,321
11987,hoodie,606
12097,objects,235
12135,towering,264
12144,cathedral,379
12220,scout,555
12250,artifacts,276
12264,Boris,301
12412,radiating,241
12492,backlight,215
12535,trader,229
12581,caricature,281
12583,wrinkled,204
12620,Dan,213
12680,motorcycle,272
12682,Alex,250
12965,mugshot,343
12967,highlights,286
12987,DSLR,227
13148,european,262
13186,brass,208
13191,commercial,300
13262,tennis,225
13391,thunder,210
13399,trying,259
13579,singing,204
13779,geert,300
13780,wilders,290
14180,delorean,209
14282,fields,226
14311,narrow,268
14343,nvidia,202
14429,iconic,216
14619,incredibly,513
14677,istvan,385
14678,sandorfi,383
14679,attributes,572
14831,entity,268
15016,trench,221
15309,chinese,785
15974,Live,232
16443,Beeple,237
16480,Behance,257
16782,Christopher,267
17595,::,202
18272,Winkelmann,214
19358,wpa,291
19553,spheres,234
21133,Gilleard,257
31049,hannigan,203
53214,FROG,274
